Country,Year,Depenses de sante en % du PIB,PIB par habitant,Part des +65 ans,Practiciens pour 1000 hab,Lits pour 1000 hab,Taux deces 2 ans,Chomage,Depenses t-1
Allemagne,2005,10.107,129.3,0.1862702164434696,3.4,6.26,2.002,11.2,9.975
Allemagne,2006,9.962,128.1,0.1925092185951393,3.44,6.13,2.0,10.3,10.107
Allemagne,2007,9.835,127.2,0.1980113905493617,3.49,5.57,2.031,8.7,9.962
Allemagne,2008,10.032,126.3,0.2009143587662127,3.54,6.1,2.066,7.5,9.835
Allemagne,2009,10.97,127.9,0.2040064922037118,3.62,6.11,2.089,7.8,10.032
Allemagne,2010,10.831,129.8,0.2066170619228758,3.75,6.2,2.092,7.0,10.97
Allemagne,2011,10.521,132.2,0.206631704132772,3.88,6.24,2.146,5.8,10.831
Allemagne,2012,10.594,134.0,0.2066957059751344,3.95,6.22,2.195,5.1,10.521
Allemagne,2013,10.743,135.6,0.2075804446554188,4.04,6.2,2.188,4.9,10.594
Allemagne,2014,10.768,137.7,0.208658404932194,4.11,6.17,2.221,4.7,10.743
Allemagne,2015,10.923,136.5,0.2104584896460591,4.14,6.11,2.261,4.4,10.768
Allemagne,2016,10.971,137.0,0.2105267295371706,4.19,6.06,2.243,3.9,10.923
Allemagne,2017,11.051,137.0,0.2121831587644033,4.25,6.01,2.287,3.5,10.971
Allemagne,2018,11.184,136.4,0.2139051589439706,4.31,5.96,2.288,3.2,11.051
Allemagne,2019,11.428,135.8,0.2154143764287431,4.4,6.0,2.319,2.9,11.184
Allemagne,2020,12.468,137.7,0.2175231145067165,4.47,5.87,2.416,3.6,11.428
Allemagne,2021,12.724,135.0,0.2197297719725461,4.53,5.81,2.513,3.6,12.468
Allemagne,2022,12.447,133.8,0.2214937051405092,4.58,5.78,2.516,3.1,12.724
Allemagne,2023,11.744,132.0,0.2224559367354327,4.075,6.105,2.208,3.1,12.447
Autriche,2005,9.718,138.8,0.1594790570684688,4.32,7.69,1.823,5.6,9.815
Autriche,2006,9.641,137.9,0.1644703159493394,4.45,7.66,1.804,5.3,9.718
Autriche,2007,9.605,137.9,0.168852070703022,4.52,7.75,1.807,4.9,9.641
Autriche,2008,9.834,138.1,0.1714044156774883,4.59,7.69,1.835,4.1,9.605
Autriche,2009,10.312,141.7,0.1738544065311074,4.67,7.68,1.855,5.3,9.834
Autriche,2010,10.316,140.1,0.1764185801524323,4.77,7.65,1.84,4.8,10.312
Autriche,2011,10.137,142.0,0.1764262765481369,4.82,7.68,1.862,4.6,10.316
Autriche,2012,10.302,144.6,0.1779656834148795,4.87,7.67,1.891,5.2,10.137
Autriche,2013,10.406,144.3,0.1807006978345595,4.96,7.64,1.867,5.7,10.302
Autriche,2014,10.512,143.9,0.1829686360235201,5.02,7.58,1.896,6.0,10.406
Autriche,2015,10.517,142.6,0.1845010661711004,5.06,7.54,1.907,6.1,10.512
Autriche,2016,10.517,142.8,0.1844689787483919,5.11,7.42,1.884,6.5,10.517
Autriche,2017,10.571,140.8,0.1852891843200596,5.16,7.37,1.906,5.9,10.517
Autriche,2018,10.516,141.5,0.1866858030934679,5.22,7.27,1.897,5.2,10.571
Autriche,2019,10.625,140.6,0.1883509853224627,5.29,7.19,1.975,4.8,10.516
Autriche,2020,11.413,139.8,0.1902724213644571,5.32,7.05,2.062,6.0,10.625
Autriche,2021,12.185,136.4,0.1921360749715874,5.41,6.91,2.074,6.2,11.413
Autriche,2022,11.225,137.4,0.1944207377071363,5.45,6.72,2.039,4.8,12.185
Autriche,2023,11.153,136.4,0.1955790875378318,4.99,7.609999999999999,1.958,5.1,11.225
Belgique,2005,9.25,133.8,0.1722693371493297,2.87,6.02,1.961,8.5,9.355
Belgique,2006,9.133,132.2,0.1721007760920495,2.89,5.98,1.924,8.3,9.25
Belgique,2007,9.139,131.0,0.1710100794234304,2.91,5.93,1.939,7.5,9.133
Belgique,2008,9.6,129.3,0.1705961244849237,2.92,5.89,1.954,7.0,9.139
Belgique,2009,10.544,132.9,0.1708141295331198,2.92,5.83,1.944,7.9,9.6
Belgique,2010,10.413,132.8,0.1716028876636834,2.91,5.75,1.932,8.3,10.544
Belgique,2011,10.413,132.6,0.1711884347071506,2.92,5.69,1.94,7.2,10.413
Belgique,2012,10.587,134.4,0.1737773825649571,2.93,5.64,1.972,7.6,10.413
Belgique,2013,10.638,134.7,0.17592589101034,2.96,5.61,1.922,8.6,10.587
Belgique,2014,10.62,134.6,0.1783564562233249,2.98,5.63,1.926,8.7,10.638
Belgique,2015,10.884,132.6,0.1807328004994806,3.02,5.69,1.946,8.7,10.62
Belgique,2016,10.898,132.7,0.182378274400309,3.07,5.64,1.925,7.9,10.884
Belgique,2017,10.94,131.5,0.1845748228441364,3.08,5.55,1.941,7.2,10.898
Belgique,2018,10.994,131.2,0.1869226971864676,3.13,5.52,1.925,6.0,10.94
Belgique,2019,10.858,131.7,0.1890319417217151,3.16,5.47,2.057,5.5,10.994
Belgique,2020,11.463,131.7,0.191334647869722,3.21,5.44,2.076,5.8,10.858
Belgique,2021,11.288,131.3,0.1929401086149119,3.25,5.41,1.98,6.3,11.463
Belgique,2022,10.74,133.0,0.1953482222654324,3.26,5.35,1.96,5.6,11.288
Belgique,2023,10.804,133.2,0.1967919735640473,3.0,5.3,1.9425,5.5,10.74
Danemark,2005,9.067,178.1,0.1501464037528147,3.33,3.86,2.041,4.8,8.986
Danemark,2006,9.153,178.2,0.1516413113392473,3.42,3.79,2.047,3.9,9.067
Danemark,2007,9.302,173.6,0.1532462139375857,3.46,3.69,2.023,3.8,9.153
Danemark,2008,9.468,174.0,0.155784068456959,3.58,3.57,1.999,3.7,9.302
Danemark,2009,10.629,173.6,0.1588503644503054,3.65,3.49,1.982,6.4,9.468
Danemark,2010,10.579,174.9,0.1631258787678839,3.73,3.5,1.931,7.7,10.629
Danemark,2011,10.378,172.1,0.1679272556984571,3.79,3.13,1.885,7.8,10.579
Danemark,2012,10.517,175.1,0.1734757144321421,3.84,2.88,1.878,7.8,10.378
Danemark,2013,10.279,176.1,0.1784521478134904,3.85,3.07,1.853,7.4,10.517
Danemark,2014,10.297,175.3,0.1824579922466362,3.88,2.69,1.846,6.9,10.279
Danemark,2015,10.359,172.3,0.1857211891411493,3.93,2.53,1.862,6.3,10.297
Danemark,2016,10.268,172.9,0.1882556067711057,4.0,2.6,1.859,6.0,10.359
Danemark,2017,10.114,172.2,0.1905054803906715,4.11,2.61,1.887,5.8,10.268
Danemark,2018,10.142,169.6,0.1930507386887475,4.2,2.61,1.889,5.1,10.114
Danemark,2019,10.185,167.3,0.195667783484247,4.25,2.59,1.871,5.0,10.142
Danemark,2020,10.692,175.5,0.1985296327533853,4.38,2.59,1.92,5.6,10.185
Danemark,2021,10.656,176.3,0.2014148863578962,4.5,2.51,1.996,5.1,10.692
Danemark,2022,9.474,178.3,0.2034957486438906,3.85,2.88,2.006,4.5,10.656
Danemark,2023,9.513,163.9,0.2045170677406773,3.85,2.88,1.9045,5.1,9.474
Espagne,2005,7.778,96.2,0.165600240833301,3.55,3.34,1.743,9.2,7.684
Espagne,2006,7.871,97.1,0.166420196005128,3.62,3.29,1.71,8.5,7.778
Espagne,2007,7.962,96.5,0.1653950260564632,3.56,3.25,1.714,8.2,7.871
Espagne,2008,8.429,95.3,0.1643632228898508,3.54,3.2,1.68,11.3,7.962
Espagne,2009,9.153,95.5,0.1656160986787141,3.6,3.16,1.651,17.9,8.429
Espagne,2010,9.17,92.2,0.1680139396672406,3.76,3.12,1.648,19.9,9.153
Espagne,2011,9.217,88.4,0.1710623188796476,3.84,3.05,1.687,21.4,9.17
Espagne,2012,9.219,85.3,0.1736085048429544,3.82,2.99,1.687,24.8,9.217
Espagne,2013,9.137,83.9,0.1766742413457597,3.81,2.96,1.675,26.1,9.219
Espagne,2014,9.151,83.3,0.1811493972437563,3.8,2.97,1.751,24.5,9.137
Espagne,2015,9.176,84.3,0.1844799311898693,3.85,2.97,1.785,22.1,9.151
Espagne,2016,9.013,84.9,0.1866525485619172,3.83,2.97,1.789,19.6,9.176
Espagne,2017,9.022,84.8,0.1889202476362492,3.88,2.98,1.822,17.2,9.013
Espagne,2018,9.071,84.7,0.1911982123727116,4.02,2.97,1.804,15.3,9.022
Espagne,2019,9.215,84.0,0.1930333651321403,4.41,2.95,1.936,14.1,9.071
Espagne,2020,10.795,78.2,0.1946707017723681,4.58,2.95,1.99,15.5,9.215
Espagne,2021,10.344,78.4,0.1964415029468491,4.48,2.96,1.922,14.9,10.795
Espagne,2022,9.68,79.7,0.1996723176564928,4.3,2.94,1.886,13.0,10.344
Espagne,2023,9.221,80.7,0.2014703809751995,4.39,2.88,1.7469999999999999,12.2,9.68
Estonie,2005,5.294,37.8,0.1656842182728042,3.14,5.38,2.549,8.0,5.336
Estonie,2006,4.973,43.1,0.1687051158658473,3.18,5.55,2.571,5.9,5.294
Estonie,2007,5.184,49.5,0.1728397819676526,3.26,5.48,2.538,4.6,4.973
Estonie,2008,5.957,48.9,0.1745763724933505,3.34,5.63,2.447,5.5,5.184
Estonie,2009,6.844,43.7,0.1742929013131298,3.28,5.37,2.386,13.5,5.957
Estonie,2010,6.594,44.1,0.1743431661529,3.24,5.27,2.328,16.7,6.844
Estonie,2011,6.055,48.7,0.1744957357519968,3.29,5.36,2.308,12.3,6.594
Estonie,2012,6.038,52.5,0.1770419486016253,3.28,5.53,2.316,9.9,6.055
Estonie,2013,6.198,55.3,0.1803194124410873,3.33,5.01,2.328,8.6,6.038
Estonie,2014,6.263,57.7,0.1837509566285332,3.36,5.01,2.335,7.3,6.198
Estonie,2015,6.521,57.6,0.1875843239255592,3.41,4.96,2.33,6.4,6.263
Estonie,2016,6.569,59.2,0.1902246600159277,3.46,4.76,2.351,6.8,6.521
Estonie,2017,6.466,62.3,0.1934229478540781,3.47,4.69,2.379,5.8,6.569
Estonie,2018,6.563,65.4,0.1958725920737333,3.48,4.57,2.362,5.4,6.466
Estonie,2019,6.648,67.8,0.197647982367416,3.47,4.63,2.356,4.5,6.563
Estonie,2020,7.472,68.7,0.2003708118130049,3.48,4.57,2.588,6.9,6.648
Estonie,2021,7.476,71.1,0.2034790702430252,3.43,4.48,2.699,6.2,7.472
Estonie,2022,6.936,75.4,0.2043451099117282,3.47,4.39,2.502,5.6,7.476
Estonie,2023,7.471,73.2,0.202398593145538,3.48,4.17,2.3705,6.4,6.936
Finlande,2005,8.289,142.0,0.1586789624052656,2.85,7.05,1.833,8.4,8.06
Finlande,2006,8.286,140.7,0.1600517925709437,2.87,6.99,1.848,7.7,8.289
Finlande,2007,8.084,143.3,0.1646246746466475,3.0,6.73,1.86,6.9,8.286
Finlande,2008,8.344,144.0,0.1651228453854403,3.07,6.57,1.867,6.4,8.084
Finlande,2009,9.162,140.5,0.1674831787986964,3.13,6.25,1.892,8.2,8.344
Finlande,2010,9.142,139.8,0.1701305091146716,3.18,5.85,1.896,8.4,9.162
Finlande,2011,9.239,141.8,0.1750684057897678,3.26,5.52,1.903,7.8,9.142
Finlande,2012,9.617,142.5,0.1813722595087412,3.26,5.3,1.91,7.9,9.239
Finlande,2013,9.845,142.5,0.1876274491520957,3.33,4.87,1.91,8.3,9.617
Finlande,2014,9.831,140.4,0.1938166702438147,3.38,4.53,1.92,8.7,9.845
Finlande,2015,9.7,138.0,0.1994585647415006,3.41,4.35,1.945,9.4,9.831
Finlande,2016,9.456,137.8,0.2046728559796534,3.42,3.97,1.962,8.9,9.7
Finlande,2017,9.191,137.6,0.2089611009545732,3.47,3.28,1.967,8.7,9.456
Finlande,2018,9.103,137.2,0.2139107911476784,3.49,3.21,1.968,7.5,9.191
Finlande,2019,9.223,136.3,0.2183498887895962,3.57,3.3,1.983,6.8,9.103
Finlande,2020,9.7,140.1,0.2228432452076741,3.61,2.83,2.048,7.7,9.223
Finlande,2021,9.91,135.0,0.2269578930762318,3.5,2.76,2.184,7.7,9.7
Finlande,2022,9.742,132.5,0.2305300004091387,3.33,4.87,2.245,6.8,9.91
Finlande,2023,10.474,127.5,0.2326595937792619,3.33,4.87,1.915,7.2,9.742
France,2005,10.237,126.6,0.1630931802226025,3.34,7.22,1.697,8.9,10.212
France,2006,10.398,124.8,0.1635523912165553,3.33,7.11,1.674,8.8,10.237
France,2007,10.334,123.1,0.163243073127508,3.31,7.06,1.687,8.0,10.398
France,2008,10.513,122.2,0.1638660048722962,3.31,6.9,1.705,7.4,10.334
France,2009,11.291,124.0,0.1649578977391626,3.27,6.66,1.709,9.1,10.513
France,2010,11.224,122.8,0.1660920972681608,3.27,6.43,1.696,9.3,11.291
France,2011,11.176,122.5,0.1673862894285038,3.06,6.36,1.716,9.2,11.224
France,2012,11.337,123.0,0.1713932918744115,3.07,6.34,1.745,9.8,11.176
France,2013,11.478,123.0,0.1756759681922429,3.08,6.27,1.721,10.3,11.337
France,2014,11.579,121.5,0.1796300606444581,3.09,6.2,1.743,10.3,11.478
France,2015,11.5,119.4,0.184089633065788,3.11,6.13,1.787,10.3,11.579
France,2016,11.57,117.7,0.1885813089334645,3.12,6.06,1.801,10.1,11.5
France,2017,11.449,115.6,0.1929025968279871,3.14,5.98,1.82,9.4,11.57
France,2018,11.308,114.5,0.1965427591445402,3.14,5.89,1.825,9.0,11.449
France,2019,11.171,113.9,0.2000985399552338,3.16,5.83,1.906,8.4,11.308
France,2020,12.129,112.3,0.2037363592493313,3.17,5.72,1.972,8.0,11.171
France,2021,12.249,111.0,0.2062662981446766,3.18,6.305,1.974,7.9,12.129
France,2022,11.835,107.7,0.2086942516329779,3.19,6.305,1.931,7.3,12.249
France,2023,11.503,107.7,0.2112970198987334,3.165,6.305,1.7440000000000002,7.3,11.835
Grèce,2005,8.761,80.2,0.1828291785749968,5.06,4.78,1.919,10.0,8.3
Grèce,2006,8.396,83.4,0.184548787992348,5.41,4.87,1.957,9.0,8.761
Grèce,2007,8.523,84.1,0.1858613186942235,5.63,4.88,1.974,8.4,8.396
Grèce,2008,8.948,84.9,0.1866335555477804,5.71,4.84,1.955,7.8,8.523
Grèce,2009,9.536,87.1,0.1877314890968652,5.79,4.93,1.959,9.6,8.948
Grèce,2010,9.62,80.1,0.189768968141758,5.76,4.48,1.98,12.7,9.536
Grèce,2011,9.186,70.8,0.1929009604264598,5.78,4.47,2.048,17.9,9.62
Grèce,2012,9.043,64.8,0.1966787974389536,5.78,4.45,2.061,24.8,9.186
Grèce,2013,8.522,61.9,0.2006391535872529,5.81,4.24,2.05,27.8,9.043
Grèce,2014,7.944,60.2,0.2048656117015703,5.87,4.24,2.15,26.6,8.522
Grèce,2015,8.267,58.3,0.2089767211658702,5.9,4.25,2.21,25.0,7.944
Grèce,2016,8.451,56.8,0.2126211591739718,6.12,4.2,2.256,23.9,8.267
Grèce,2017,8.113,55.6,0.2154252807318739,6.07,4.21,2.273,21.8,8.451
Grèce,2018,8.073,54.9,0.2178685459165742,6.1,4.2,2.283,19.7,8.113
Grèce,2019,8.117,54.5,0.2203600339742307,6.16,4.18,2.387,17.9,8.073
Grèce,2020,9.381,51.3,0.2226230843401145,6.19,4.23,2.565,17.6,8.117
Grèce,2021,9.032,52.2,0.2254835638122936,6.37,4.27,2.658,14.7,9.381
Grèce,2022,8.449,54.1,0.227671087871896,6.56,4.26,2.553,12.5,9.032
Grèce,2023,8.394,55.5,0.2301800598464641,6.61,4.24,2.43,11.1,8.449
Hongrie,2005,7.992,40.8,0.156235835052645,2.78,7.89,2.648,7.2,7.766
Hongrie,2006,7.786,39.2,0.1578622749124926,3.04,7.93,2.625,7.5,7.992
Hongrie,2007,7.207,41.2,0.1594568652707418,2.8,7.15,2.612,7.4,7.786
Hongrie,2008,7.093,42.5,0.1616555675577311,3.09,7.07,2.593,7.8,7.207
Hongrie,2009,7.237,38.9,0.1635212927955657,3.02,7.09,2.601,10.0,7.093
Hongrie,2010,7.464,39.7,0.1661103635153007,2.87,7.12,2.589,11.2,7.237
Hongrie,2011,7.493,39.5,0.1673524458221449,2.96,7.15,2.586,11.0,7.464
Hongrie,2012,7.43,38.8,0.1687400982186233,3.09,6.94,2.579,10.7,7.493
Hongrie,2013,7.236,39.4,0.1715394760112175,3.22,7.01,2.556,9.8,7.43
Hongrie,2014,7.042,40.3,0.1749531000179996,3.33,6.99,2.618,7.5,7.236
Hongrie,2015,6.85,41.4,0.178425462145031,3.11,7.0,2.635,6.6,7.042
Hongrie,2016,6.968,41.9,0.1819223219803731,3.23,7.0,2.648,5.0,6.85
Hongrie,2017,6.733,44.1,0.1856813708866568,3.35,7.02,2.702,4.0,6.968
Hongrie,2018,6.555,45.9,0.1883700831458395,3.41,7.02,2.688,3.6,6.733
Hongrie,2019,6.247,48.0,0.192310483664788,3.52,6.99,2.796,3.3,6.555
Hongrie,2020,7.231,47.1,0.197682699071643,3.17,6.98,3.07,4.1,6.247
Hongrie,2021,7.335,48.4,0.202040292138154,3.33,6.92,3.035,4.0,7.231
Hongrie,2022,6.647,48.6,0.2043449166491769,3.48,6.82,2.764,3.6,7.335
Hongrie,2023,6.369,53.6,0.2053733932904878,4.37,6.62,2.63,4.1,6.647
Irlande,2005,7.642,185.2,0.1110455795112062,3.26,5.52,1.38,4.6,7.22
Irlande,2006,7.516,185.7,0.1096663241571843,3.26,5.34,1.345,4.8,7.642
Irlande,2007,7.808,181.5,0.1080288600448191,3.26,5.17,1.299,5.0,7.516
Irlande,2008,9.126,164.0,0.1077643168717956,3.26,4.89,1.271,6.8,7.808
Irlande,2009,10.523,154.2,0.109439893907136,3.26,2.83,1.246,12.6,9.126
Irlande,2010,10.521,146.2,0.1121714641928612,3.26,2.73,1.24,14.6,10.523
Irlande,2011,10.489,146.1,0.1152655253987142,2.67,2.63,1.261,15.4,10.521
Irlande,2012,10.475,147.9,0.118867048410788,2.71,2.55,1.279,15.5,10.489
Irlande,2013,10.033,150.8,0.1223646513205948,2.68,2.57,1.275,13.8,10.475
Irlande,2014,9.231,160.6,0.1259721095024162,3.02,2.59,1.28,11.9,10.033
Irlande,2015,7.078,208.6,0.1293093699005927,3.14,2.94,1.3,9.9,9.231
Irlande,2016,7.338,203.8,0.1321373695963384,3.21,2.98,1.29,8.4,7.078
Irlande,2017,6.917,215.7,0.1349824562938866,3.26,2.98,1.281,6.7,7.338
Irlande,2018,6.747,223.6,0.1382262986865217,3.29,2.98,1.279,5.8,6.917
Irlande,2019,6.619,231.0,0.1408263568832003,3.31,2.88,1.282,5.0,6.747
Irlande,2020,6.973,248.5,0.1439165303435343,3.44,2.88,1.33,5.9,6.619
Irlande,2021,6.441,264.8,0.146870478614804,4.0,2.87,1.368,6.2,6.973
Irlande,2022,6.021,277.1,0.1500167724784679,3.33,2.91,1.358,4.5,6.441
Irlande,2023,6.575,258.2,0.1518601812233764,3.82,2.92,1.2814999999999999,4.3,6.021
Italie,2005,8.309,116.6,0.1949990048991489,3.71,4.03,1.939,7.7,8.137
Italie,2006,8.398,114.5,0.1982629963295302,3.71,3.98,1.936,6.8,8.309
Italie,2007,8.102,111.8,0.2005708867904132,3.77,3.89,1.976,6.1,8.398
Italie,2008,8.502,109.3,0.2015298727738146,3.76,3.77,1.994,6.7,8.102
Italie,2009,8.913,109.8,0.2024932198588664,3.76,3.66,1.984,7.8,8.502
Italie,2010,8.879,107.8,0.2036140669786369,3.78,3.61,1.978,8.4,8.913
Italie,2011,8.729,106.7,0.2044174018241025,3.86,3.48,2.012,8.4,8.879
Italie,2012,8.798,104.4,0.2082882699720498,3.83,3.38,2.019,10.9,8.729
Italie,2013,8.79,102.4,0.2113806208568468,3.9,3.31,1.989,12.4,8.798
Italie,2014,8.859,101.0,0.2150777823129277,3.91,3.24,2.065,12.9,8.79
Italie,2015,8.846,99.3,0.2186193274101381,3.87,3.22,2.094,12.0,8.859
Italie,2016,8.72,99.5,0.2214155602633029,3.99,3.2,2.101,11.7,8.846
Italie,2017,8.691,98.0,0.2241164801801943,4.03,3.21,2.135,11.3,8.72
Italie,2018,8.655,96.9,0.2263205358878139,4.01,3.17,2.115,10.6,8.691
Italie,2019,8.615,95.3,0.2289197027056319,4.05,3.16,2.298,9.9,8.655
Italie,2020,9.564,92.1,0.2323733103372605,4.0,3.18,2.417,9.3,8.615
Italie,2021,9.282,93.7,0.235354866456436,4.1,3.12,2.391,9.5,9.564
Italie,2022,8.85,93.7,0.2380378170586199,4.23,3.09,2.348,8.1,9.282
Italie,2023,8.406,94.7,0.2403723695298697,3.885,3.04,2.042,7.7,8.85
Lettonie,2005,6.082,26.7,0.1663932998003311,2.96,7.9,2.928,10.0,6.475
Lettonie,2006,6.021,31.8,0.1700006373789541,3.03,7.85,2.969,7.0,6.082
Lettonie,2007,5.818,39.8,0.1739456004056428,3.14,7.83,2.9,6.1,6.021
Lettonie,2008,5.866,42.2,0.1759618762575223,3.23,7.77,2.779,7.7,5.818
Lettonie,2009,6.268,35.5,0.1782249585497546,3.15,6.74,2.771,17.5,5.866
Lettonie,2010,6.224,33.4,0.1811724948408492,3.11,5.68,2.763,19.5,6.268
Lettonie,2011,5.918,35.7,0.1837169003256041,3.13,5.88,2.775,16.2,6.224
Lettonie,2012,5.621,40.3,0.1856140390343763,3.14,5.89,2.823,15.1,5.918
Lettonie,2013,5.604,41.6,0.1876565414499771,3.19,5.8,2.824,11.9,5.621
Lettonie,2014,5.664,42.6,0.1906675500182866,3.22,5.66,2.845,10.9,5.604
Lettonie,2015,5.849,43.2,0.1938858947402341,3.2,5.69,2.873,9.9,5.664
Lettonie,2016,6.352,43.9,0.1963399911729916,3.21,5.72,2.912,9.7,5.849
Lettonie,2017,6.187,45.2,0.1989158593642635,3.21,5.57,2.952,8.7,6.352
Lettonie,2018,6.409,47.7,0.20102368770546,3.3,5.49,2.923,7.4,6.187
Lettonie,2019,6.863,48.8,0.2025966057767629,3.27,5.42,2.947,6.3,6.409
Lettonie,2020,7.506,50.4,0.2051780308490702,3.34,5.29,3.326,8.1,6.863
Lettonie,2021,9.411,51.5,0.2079512027901626,3.36,5.16,3.451,7.6,7.506
Lettonie,2022,8.104,52.9,0.2087813080265727,3.4,5.03,3.133,6.9,9.411
Lettonie,2023,7.278,54.8,0.2097272024335531,3.36,5.705,2.9059999999999997,6.5,8.104
Lituanie,2005,5.646,28.6,0.1582972204505219,3.72,7.28,2.641,8.3,5.483
Lituanie,2006,5.857,31.5,0.1629075622333643,3.79,7.16,2.749,5.8,5.646
Lituanie,2007,5.76,36.4,0.1664854862317741,3.88,7.19,2.753,4.3,5.857
Lituanie,2008,6.29,40.2,0.1699359242732922,3.88,7.18,2.673,5.8,5.76
Lituanie,2009,7.345,35.2,0.1720395017865129,3.85,7.18,2.643,13.8,6.29
Lituanie,2010,6.906,35.6,0.173424621957647,3.95,7.16,2.647,17.8,7.345
Lituanie,2011,6.54,39.6,0.1786376019299034,4.1,7.43,2.685,15.4,6.906
Lituanie,2012,6.308,42.8,0.1808914580670593,4.22,7.44,2.745,13.4,6.54
Lituanie,2013,6.155,44.9,0.1821936592599366,4.27,7.3,2.749,11.8,6.308
Lituanie,2014,6.222,46.2,0.1838905620412353,4.3,7.25,2.783,10.7,6.155
Lituanie,2015,6.474,46.3,0.18664620637153,4.33,6.95,2.832,9.1,6.222
Lituanie,2016,6.649,47.4,0.1891787912098918,4.45,6.67,2.806,7.9,6.474
Lituanie,2017,6.464,50.2,0.1921571192381318,4.53,6.52,2.788,7.1,6.649
Lituanie,2018,6.469,53.2,0.1950753662161206,4.57,6.39,2.755,6.2,6.464
Lituanie,2019,6.945,55.3,0.196378280349904,4.54,6.31,2.91,6.3,6.469
Lituanie,2020,7.416,58.6,0.1980471726281034,4.46,5.98,3.249,8.5,6.945
Lituanie,2021,7.732,60.7,0.1992129533603177,4.46,6.04,3.224,7.1,7.416
Lituanie,2022,7.244,65.6,0.199796293511257,4.44,5.68,2.847,6.0,7.732
Lituanie,2023,7.319,67.4,0.2000735664945565,4.62,5.48,2.754,6.9,7.244
Luxembourg,2005,7.125,294.1,0.1408299546863821,2.55,5.79,1.602,4.5,7.28
Luxembourg,2006,6.638,309.8,0.1406991468515368,2.61,5.65,1.627,4.7,7.125
Luxembourg,2007,6.158,317.3,0.1403419244960488,2.68,5.67,1.567,4.1,6.638
Luxembourg,2008,6.231,322.1,0.1399196773866833,2.72,5.57,1.499,5.1,6.158
Luxembourg,2009,6.95,323.5,0.1395987841945289,2.7,5.47,1.503,5.1,6.231
Luxembourg,2010,6.662,332.9,0.1395155218636594,2.77,5.37,1.51,4.4,6.95
Luxembourg,2011,5.952,329.8,0.138879337292904,2.78,5.28,1.503,4.9,6.662
Luxembourg,2012,5.294,336.9,0.1395838453814687,2.81,5.15,1.467,5.1,5.952
Luxembourg,2013,5.236,342.9,0.1397607994950087,2.83,5.17,1.427,5.9,5.294
Luxembourg,2014,5.23,345.5,0.1407618978314656,2.88,5.05,1.423,5.9,5.236
Luxembourg,2015,5.081,342.1,0.141822302907144,2.91,4.93,1.412,6.7,5.23
Luxembourg,2016,5.071,337.7,0.142224975661563,2.88,4.81,1.428,6.3,5.081
Luxembourg,2017,5.135,328.6,0.1424338925316634,2.98,4.66,1.453,5.5,5.071
Luxembourg,2018,5.274,322.7,0.143201468426342,2.78,4.51,1.429,5.6,5.135
Luxembourg,2019,5.466,316.8,0.1438815170045643,2.78,4.26,1.448,5.6,5.274
Luxembourg,2020,5.767,334.9,0.1450021402058431,2.78,4.19,1.453,6.8,5.466
Luxembourg,2021,5.608,342.5,0.1461046429190364,2.78,5.16,1.408,5.3,5.767
Luxembourg,2022,5.609,324.0,0.1475045592092929,2.78,5.16,1.376,4.6,5.608
Luxembourg,2023,5.668,320.4,0.1486359901272531,2.78,5.16,1.453,5.2,5.609
Pologne,2005,5.791,29.3,0.1314584452937464,2.14,5.77,1.933,17.8,5.842
Pologne,2006,5.781,31.0,0.1330244957321785,2.18,5.72,1.957,13.9,5.791
Pologne,2007,5.864,33.4,0.134201854880302,2.19,5.68,1.985,9.6,5.781
Pologne,2008,6.352,38.0,0.1346265172347489,2.16,5.84,2.005,7.1,5.864
Pologne,2009,6.57,34.4,0.134946080693151,2.17,5.89,2.002,8.2,6.352
Pologne,2010,6.435,37.8,0.1357045676905654,2.19,5.84,1.983,9.7,6.57
Pologne,2011,6.245,38.5,0.1361312662958016,2.21,5.85,1.997,9.7,6.435
Pologne,2012,6.229,39.2,0.1396397132476974,2.23,5.85,2.028,10.4,6.245
Pologne,2013,6.45,39.1,0.143884793800518,2.24,5.83,2.007,10.6,6.229
Pologne,2014,6.283,40.1,0.1488784638460412,2.31,5.85,2.029,9.2,6.45
Pologne,2015,6.365,41.0,0.1541800114056834,2.33,5.86,2.06,7.7,6.283
Pologne,2016,6.526,39.5,0.1595976412171882,2.42,5.86,2.083,6.3,6.365
Pologne,2017,6.537,41.7,0.1654769693511415,2.38,5.85,2.152,5.0,6.526
Pologne,2018,6.251,43.3,0.171088120456637,2.36,6.54,2.17,3.9,6.537
Pologne,2019,6.389,44.8,0.1766011956133246,3.3,6.17,2.336,3.3,6.251
Pologne,2020,6.427,46.9,0.1822203712942927,3.36,6.25,2.626,3.2,6.389
Pologne,2021,6.365,47.4,0.1894025674556528,3.51,6.4,2.611,3.4,6.427
Pologne,2022,6.466,48.5,0.1935243494800631,3.57,6.29,2.324,2.9,6.365
Pologne,2023,7.138,52.1,0.198915451751626,3.86,6.27,2.0285,2.8,6.466
Portugal,2005,9.653,68.3,0.1718432934349926,3.36,3.56,1.996,7.7,9.533
Portugal,2006,9.354,67.7,0.1735766821651623,3.43,3.48,1.955,7.8,9.653
Portugal,2007,9.252,67.4,0.1754249762736376,3.52,3.44,1.973,8.1,9.354
Portugal,2008,9.583,66.8,0.177229216269846,3.61,3.39,1.978,7.7,9.252
Portugal,2009,10.131,68.5,0.1797122487956562,3.72,3.37,1.992,9.6,9.583
Portugal,2010,10.019,67.8,0.1825696159230089,3.85,3.37,1.975,11.0,10.131
Portugal,2011,9.718,64.4,0.1869359836507556,3.98,3.37,1.991,12.9,10.019
Portugal,2012,9.64,61.6,0.1917366783629054,4.09,3.4,2.028,16.6,9.718
Portugal,2013,9.395,62.1,0.1950937409944069,4.25,3.39,2.013,17.2,9.64
Portugal,2014,9.336,61.9,0.1998930112833169,4.42,3.31,2.043,14.6,9.395
Portugal,2015,9.333,62.2,0.2044670764294134,4.6,3.36,2.108,13.0,9.336
Portugal,2016,9.4,63.2,0.2088054901387407,4.78,3.38,2.125,11.5,9.333
Portugal,2017,9.327,63.8,0.2132975680358158,4.96,3.38,2.154,9.2,9.4
Portugal,2018,9.421,64.7,0.217890103978707,5.13,3.43,2.175,7.2,9.327
Portugal,2019,9.509,65.4,0.2221724380596847,5.29,3.49,2.276,6.6,9.421
Portugal,2020,10.521,63.4,0.2273149118660061,5.44,3.47,2.392,7.1,9.509
Portugal,2021,11.22,62.5,0.2320746655593928,5.58,3.49,2.397,6.7,10.521
Portugal,2022,10.549,64.5,0.2362169045794227,5.7,3.46,2.329,6.2,11.22
Portugal,2023,10.028,66.6,0.2387557752627959,4.335,3.395,2.25,6.5,10.549
Slovaquie,2005,6.616,32.9,0.1168060290152875,3.04,6.79,1.987,16.3,6.495
Slovaquie,2006,6.852,36.3,0.1181823020892891,3.17,6.73,1.994,13.4,6.616
Slovaquie,2007,7.175,42.3,0.1196412552715524,3.39,6.78,1.992,11.1,6.852
Slovaquie,2008,6.96,48.1,0.1210273910429638,3.37,6.59,1.973,9.5,7.175
Slovaquie,2009,7.953,48.8,0.1224416389637264,3.3,6.54,1.976,12.0,6.96
Slovaquie,2010,7.671,50.4,0.1243766244126143,3.36,6.46,1.954,14.4,7.953
Slovaquie,2011,7.315,51.3,0.1258145190512802,3.31,6.05,1.935,13.6,7.671
Slovaquie,2012,7.528,52.5,0.1277980845700904,3.36,5.91,1.934,13.9,7.315
Slovaquie,2013,7.48,52.5,0.131259199132999,3.39,5.8,1.912,14.1,7.528
Slovaquie,2014,6.865,52.6,0.1353661195849518,3.43,5.79,1.942,13.1,7.48
Slovaquie,2015,6.741,53.3,0.1396108238004969,3.45,5.75,1.958,11.5,6.865
Slovaquie,2016,6.942,52.8,0.14447099028943,3.47,5.78,1.958,9.6,6.741
Slovaquie,2017,6.734,52.7,0.1498818013876953,3.42,5.82,1.991,8.1,6.942
Slovaquie,2018,6.637,54.1,0.1552152074545481,3.52,5.69,1.975,6.5,6.734
Slovaquie,2019,6.911,54.7,0.1604131130420934,3.57,5.77,2.061,5.7,6.637
Slovaquie,2020,7.06,56.6,0.1658475746870622,3.67,5.7,2.429,6.7,6.911
Slovaquie,2021,7.629,56.3,0.1707072133479346,3.68,5.7,2.437,6.8,7.06
Slovaquie,2022,7.702,55.8,0.1738745309779065,3.73,5.68,2.092,6.1,7.629
Slovaquie,2023,7.353,59.0,0.1785052733646822,3.82,5.65,1.9755,5.8,7.702
Slovénie,2005,8.053,65.4,0.1534268793896645,2.35,4.83,1.852,6.5,8.0
Slovénie,2006,7.867,66.8,0.1561747825401152,2.36,4.77,1.835,6.0,8.053
Slovénie,2007,7.541,70.1,0.158990577389216,2.39,4.68,1.835,4.9,7.867
Slovénie,2008,7.893,73.5,0.162639925303529,2.4,4.74,1.843,4.4,7.541
Slovénie,2009,8.642,72.4,0.1643550706025796,2.41,4.6,1.838,5.9,7.893
Slovénie,2010,8.639,70.1,0.1652510825725363,2.43,4.57,1.823,7.3,8.642
Slovénie,2011,8.601,69.2,0.1653232945840603,2.49,4.62,1.851,8.2,8.639
Slovénie,2012,8.793,67.2,0.1678427007398701,2.54,4.54,1.877,8.9,8.601
Slovénie,2013,8.84,66.7,0.1710420672802541,2.63,4.55,1.856,10.1,8.793
Slovénie,2014,8.585,67.3,0.174716714740052,2.77,4.54,1.879,9.7,8.84
Slovénie,2015,8.597,67.1,0.1790637721935513,2.83,4.51,1.916,9.0,8.585
Slovénie,2016,8.569,68.0,0.1841411731877135,3.01,4.49,1.947,8.0,8.597
Slovénie,2017,8.259,69.6,0.1889863715242062,3.1,4.5,1.984,6.6,8.569
Slovénie,2018,8.352,71.6,0.1941389921040409,3.18,4.43,1.987,5.1,8.259
Slovénie,2019,8.566,72.7,0.1984970022701628,3.26,4.43,2.143,4.4,8.352
Slovénie,2020,9.49,72.8,0.2023054009784046,3.3,4.28,2.256,5.0,8.566
Slovénie,2021,9.527,74.2,0.2066001668107333,3.34,4.25,2.169,4.8,9.49
Slovénie,2022,9.627,74.6,0.2110607541833161,3.37,4.12,2.09,4.0,9.527
Slovénie,2023,9.3,78.7,0.2143193202366399,3.5,4.05,1.8780000000000001,3.7,9.627
Tchéquie,2005,6.335,48.8,0.1406167653133611,3.56,6.37,2.082,7.9,6.333
Tchéquie,2006,6.165,52.0,0.1424070068626666,3.57,6.3,2.045,7.2,6.335
Tchéquie,2007,5.99,54.5,0.1445307513492233,3.57,6.18,2.044,5.3,6.165
Tchéquie,2008,6.339,61.1,0.146240093462299,3.56,6.09,2.053,4.4,5.99
Tchéquie,2009,7.265,58.7,0.1492788599187226,3.58,6.03,2.055,6.7,6.339
Tchéquie,2010,7.478,60.4,0.1528872630396533,3.63,5.94,2.043,7.3,7.265
Tchéquie,2011,7.473,61.3,0.1560990741538045,3.7,5.75,2.051,6.7,7.478
Tchéquie,2012,7.54,60.0,0.16195753725806,3.76,5.6,2.069,7.0,7.473
Tchéquie,2013,7.448,58.2,0.1680864386834504,3.79,5.4,2.043,7.0,7.54
Tchéquie,2014,7.539,56.4,0.1736559397033166,3.83,5.36,2.063,6.1,7.448
Tchéquie,2015,7.293,58.4,0.178435844576081,3.86,5.39,2.077,5.1,7.539
Tchéquie,2016,7.323,59.8,0.1831003171072376,3.92,5.7,2.077,4.0,7.293
Tchéquie,2017,7.242,63.1,0.1880098158395738,3.98,5.71,2.121,2.9,7.323
Tchéquie,2018,7.372,66.1,0.1922876931363692,4.04,5.68,2.123,2.2,7.242
Tchéquie,2019,7.488,68.6,0.1959301583128322,4.07,5.67,2.269,2.0,7.372
Tchéquie,2020,8.97,68.8,0.1993306675865647,4.13,5.86,2.517,2.6,7.488
Tchéquie,2021,9.154,70.4,0.2050374107799302,4.26,5.93,2.478,2.8,8.97
Tchéquie,2022,8.471,73.8,0.2062536305328274,4.32,4.92,2.216,2.2,9.154
Tchéquie,2023,8.427,76.4,0.2039106983689446,4.86,4.83,2.073,2.6,8.471
